,사고번호,사고일시,요일,시군구,사고내용,사망자수,중상자수,경상자수,부상신고자수,사고유형,법규위반,노면상태,기상상태,도로형태,가해운전자 차종,가해운전자 성별,가해운전자 연령,가해운전자 상해정도,피해운전자 차종,피해운전자 성별,피해운전자 연령,피해운전자 상해정도
3786,2020043000100464,2020년 4월 30일 18시,목요일,충청남도 천안시 동남구 영성동,경상사고,0,0,1,0,차대사람 - 차도통행중,안전운전불이행,포장 - 건조,맑음,단일로 - 기타,승용,남,60세,상해없음,보행자,남,53세,경상
3787,2020043000100507,2020년 4월 30일 19시,목요일,충청남도 공주시 산성동,중상사고,0,1,0,0,차대사람 - 횡단중,보행자보호의무위반,포장 - 건조,맑음,기타 - 기타,승용,여,18세,상해없음,보행자,남,78세,중상
3788,2020043000100577,2020년 4월 30일 22시,목요일,충청남도 천안시 서북구 쌍용동,중상사고,0,1,0,0,차대사람 - 보도통행중,안전운전불이행,포장 - 건조,맑음,기타 - 기타,승용,여,43세,상해없음,보행자,여,53세,중상
3789,2020050100100245,2020년 5월 1일 13시,금요일,충청남도 태안군 남면,경상사고,0,0,1,0,차대사람 - 기타,안전운전불이행,포장 - 건조,맑음,기타 - 기타,승용,남,61세,상해없음,보행자,남,57세,경상
3790,2020050100100447,2020년 5월 1일 18시,금요일,충청남도 공주시 신관동,중상사고,0,1,0,0,차대사람 - 횡단중,안전운전불이행,포장 - 건조,맑음,단일로 - 기타,승용,남,55세,상해없음,보행자,남,5세,중상
3791,2020050100100501,2020년 5월 1일 20시,금요일,충청남도 천안시 서북구 성정동,경상사고,0,0,1,0,차대사람 - 기타,안전운전불이행,포장 - 건조,맑음,단일로 - 기타,승용,남,29세,상해없음,보행자,남,46세,경상
3792,2020050100100570,2020년 5월 1일 22시,금요일,충청남도 보령시 신흑동,중상사고,0,1,0,0,차대사람 - 기타,안전운전불이행,포장 - 건조,맑음,단일로 - 기타,승용,여,38세,상해없음,보행자,남,2세,중상
3793,2020050100100571,2020년 5월 1일 22시,금요일,충청남도 공주시 신관동,부상신고사고,0,0,0,1,차대사람 - 기타,안전운전불이행,포장 - 건조,맑음,교차로 - 교차로안,승용,남,71세,상해없음,보행자,여,26세,부상신고
3794,2020050100100591,2020년 5월 1일 23시,금요일,충청남도 아산시 배방읍,중상사고,0,1,0,0,차대사람 - 길가장자리구역통행중,보행자보호의무위반,포장 - 건조,맑음,단일로 - 기타,이륜,남,17세,상해없음,보행자,남,19세,중상
3795,2020050200100328,2020년 5월 2일 15시,토요일,충청남도 천안시 동남구 신부동,부상신고사고,0,0,0,1,차대사람 - 기타,보행자보호의무위반,포장 - 건조,맑음,기타 - 기타,승용,여,38세,상해없음,보행자,여,22세,부상신고
3796,2020050200100507,2020년 5월 2일 21시,토요일,충청남도 보령시 신흑동,경상사고,0,0,1,0,차대사람 - 기타,안전운전불이행,포장 - 건조,맑음,기타 - 기타,승용,남,48세,상해없음,보행자,남,25세,경상
3797,2020050300100181,2020년 5월 3일 13시,일요일,충청남도 아산시 온천동,경상사고,0,0,1,0,차대사람 - 기타,안전운전불이행,포장 - 젖음/습기,비,단일로 - 기타,승용,여,55세,상해없음,보행자,여,73세,경상
3798,2020050300100311,2020년 5월 3일 18시,일요일,충청남도 서산시 동문동,중상사고,0,1,0,0,차대사람 - 기타,안전운전불이행,포장 - 건조,맑음,기타 - 기타,자전거,여,9세,상해없음,보행자,여,88세,중상
3799,2020050400100187,2020년 5월 4일 11시,월요일,충청남도 서산시 석남동,중상사고,0,2,0,0,차대사람 - 횡단중,보행자보호의무위반,포장 - 건조,맑음,교차로 - 교차로횡단보도내,승용,남,64세,상해없음,보행자,여,39세,중상
3800,2020050400100188,2020년 5월 4일 11시,월요일,충청남도 홍성군 홍성읍,경상사고,0,0,2,0,차대사람 - 차도통행중,안전운전불이행,포장 - 건조,맑음,단일로 - 기타,화물,남,43세,상해없음,보행자,여,45세,경상
3801,2020050400100593,2020년 5월 4일 20시,월요일,충청남도 천안시 서북구 성환읍,중상사고,0,1,0,0,차대사람 - 횡단중,안전운전불이행,포장 - 건조,맑음,교차로 - 교차로안,승용,남,37세,상해없음,보행자,남,60세,중상
3802,2020050400100646,2020년 5월 4일 22시,월요일,충청남도 천안시 서북구 두정동,경상사고,0,0,1,0,차대사람 - 기타,안전운전불이행,포장 - 건조,맑음,단일로 - 기타,승용,남,33세,상해없음,보행자,남,28세,경상
3803,2020050500100094,2020년 5월 5일 09시,화요일,충청남도 서천군 장항읍,중상사고,0,1,0,0,차대사람 - 횡단중,보행자보호의무위반,포장 - 건조,맑음,교차로 - 교차로횡단보도내,화물,남,66세,상해없음,보행자,남,71세,중상
3804,2020050500100251,2020년 5월 5일 16시,화요일,충청남도 아산시 둔포면,중상사고,0,1,0,0,차대사람 - 횡단중,안전운전불이행,포장 - 젖음/습기,비,단일로 - 기타,이륜,남,23세,상해없음,보행자,여,49세,중상
3805,2020050600100160,2020년 5월 6일 10시,수요일,충청남도 서산시 동문동,경상사고,0,0,1,0,차대사람 - 기타,안전운전불이행,포장 - 건조,맑음,교차로 - 교차로부근,화물,남,73세,상해없음,보행자,여,16세,경상
3806,2020050600100192,2020년 5월 6일 11시,수요일,충청남도 서산시 석남동,중상사고,0,1,0,0,차대사람 - 횡단중,보행자보호의무위반,포장 - 건조,맑음,교차로 - 교차로안,화물,남,55세,상해없음,보행자,여,66세,중상
3807,2020050600100358,2020년 5월 6일 15시,수요일,충청남도 보령시 대천동,중상사고,0,1,0,0,차대사람 - 횡단중,보행자보호의무위반,포장 - 건조,맑음,교차로 - 교차로안,특수,남,40세,상해없음,보행자,여,68세,중상
3808,2020050600100593,2020년 5월 6일 20시,수요일,충청남도 천안시 동남구 성남면,중상사고,0,1,0,0,차대사람 - 기타,안전운전불이행,포장 - 건조,맑음,교차로 - 교차로안,기타불명,기타불명,미분류,기타불명,보행자,남,83세,중상
3809,2020050700100577,2020년 5월 7일 19시,목요일,충청남도 천안시 동남구 원성동,중상사고,0,1,0,0,차대사람 - 횡단중,안전운전불이행,포장 - 건조,맑음,교차로 - 교차로안,승용,남,60세,상해없음,보행자,여,83세,중상
3810,2020050700100602,2020년 5월 7일 20시,목요일,충청남도 논산시 양촌면,중상사고,0,1,0,0,차대사람 - 보도통행중,중앙선침범,포장 - 건조,맑음,단일로 - 기타,승합,남,54세,상해없음,보행자,남,52세,중상
3811,2020050700100675,2020년 5월 7일 23시,목요일,충청남도 아산시 신창면,부상신고사고,0,0,0,1,차대사람 - 기타,안전운전불이행,포장 - 건조,맑음,단일로 - 기타,기타불명,기타불명,미분류,기타불명,보행자,남,47세,부상신고
3812,2020050800100290,2020년 5월 8일 14시,금요일,충청남도 논산시 연무읍,사망사고,1,0,0,0,차대사람 - 기타,안전운전불이행,포장 - 건조,맑음,단일로 - 기타,화물,남,58세,상해없음,보행자,남,61세,사망
3813,2020050800100593,2020년 5월 8일 20시,금요일,충청남도 아산시 탕정면,경상사고,0,0,1,0,차대사람 - 기타,안전운전불이행,포장 - 건조,맑음,기타 - 기타,승용,남,38세,상해없음,보행자,남,26세,경상
3814,2020050800100744,2020년 5월 8일 23시,금요일,충청남도 천안시 서북구 성정동,부상신고사고,0,0,0,1,차대사람 - 보도통행중,중앙선침범,포장 - 젖음/습기,비,단일로 - 기타,승용,남,60세,상해없음,보행자,여,59세,부상신고
3815,2020050900100541,2020년 5월 9일 21시,토요일,충청남도 서산시 석남동,경상사고,0,0,1,0,차대사람 - 보도통행중,보행자보호의무위반,포장 - 젖음/습기,맑음,교차로 - 교차로안,승용,남,57세,상해없음,보행자,여,20세,경상
3816,2020050900100577,2020년 5월 9일 22시,토요일,충청남도 아산시 선장면,중상사고,0,1,0,0,차대사람 - 차도통행중,안전운전불이행,포장 - 건조,맑음,기타 - 기타,승합,남,55세,상해없음,보행자,남,48세,중상
3817,2020050900100600,2020년 5월 9일 23시,토요일,충청남도 서산시 읍내동,경상사고,0,0,1,0,차대사람 - 기타,안전운전불이행,포장 - 젖음/습기,비,교차로 - 교차로안,승용,남,56세,상해없음,보행자,여,52세,경상
3818,2020050900100602,2020년 5월 9일 23시,토요일,충청남도 홍성군 홍성읍,경상사고,0,0,1,0,차대사람 - 차도통행중,안전운전불이행,포장 - 젖음/습기,비,교차로 - 교차로안,화물,남,20세,상해없음,보행자,여,49세,경상
3819,2020051000100145,2020년 5월 10일 12시,일요일,충청남도 천안시 동남구 영성동,경상사고,0,0,1,0,차대사람 - 기타,안전운전불이행,포장 - 건조,맑음,단일로 - 기타,승용,여,60세,상해없음,보행자,여,57세,경상
3820,2020051000100250,2020년 5월 10일 16시,일요일,충청남도 아산시 배방읍,중상사고,0,1,0,0,차대사람 - 기타,안전운전불이행,포장 - 건조,맑음,교차로 - 교차로부근,승용,남,37세,상해없음,보행자,남,23세,중상
3821,2020051100100006,2020년 5월 11일 00시,월요일,충청남도 천안시 동남구 봉명동,중상사고,0,1,0,0,차대사람 - 기타,안전운전불이행,포장 - 건조,맑음,기타 - 기타,화물,남,63세,상해없음,보행자,남,50세,중상
3822,2020051100100014,2020년 5월 11일 01시,월요일,충청남도 서산시 양대동,경상사고,0,0,1,0,차대사람 - 기타,안전운전불이행,포장 - 건조,맑음,단일로 - 기타,승용,남,55세,상해없음,보행자,남,61세,경상
3823,2020051100100156,2020년 5월 11일 09시,월요일,충청남도 보령시 대천동,경상사고,0,0,1,0,차대사람 - 기타,안전운전불이행,포장 - 건조,맑음,단일로 - 기타,승용,남,56세,상해없음,보행자,여,76세,경상
3824,2020051100100353,2020년 5월 11일 14시,월요일,충청남도 부여군 부여읍,중상사고,0,1,0,0,차대사람 - 기타,안전운전불이행,포장 - 건조,맑음,단일로 - 기타,승용,여,66세,상해없음,보행자,여,89세,중상
3825,2020051200100275,2020년 5월 12일 13시,화요일,충청남도 아산시 법곡동,중상사고,0,1,0,0,차대사람 - 횡단중,안전운전불이행,포장 - 건조,맑음,단일로 - 기타,승용,남,50세,상해없음,보행자,여,85세,중상
3826,2020051200100470,2020년 5월 12일 18시,화요일,충청남도 서산시 동문동,중상사고,0,1,0,0,차대사람 - 차도통행중,안전운전불이행,포장 - 건조,맑음,단일로 - 기타,승용,여,54세,상해없음,보행자,여,61세,중상
3827,2020051300100226,2020년 5월 13일 11시,수요일,충청남도 보령시 대천동,경상사고,0,0,1,0,차대사람 - 기타,안전운전불이행,포장 - 건조,맑음,기타 - 기타,승용,여,38세,상해없음,보행자,남,47세,경상
3828,2020051300100366,2020년 5월 13일 15시,수요일,충청남도 아산시 음봉면,중상사고,0,1,0,0,차대사람 - 기타,안전운전불이행,포장 - 건조,맑음,교차로 - 교차로부근,승용,여,51세,상해없음,보행자,남,96세,중상
3829,2020051400100123,2020년 5월 14일 09시,목요일,충청남도 당진시 송악읍,중상사고,0,1,0,0,차대사람 - 차도통행중,안전운전불이행,포장 - 건조,맑음,단일로 - 기타,승용,여,43세,상해없음,보행자,여,83세,중상
3830,2020051400100152,2020년 5월 14일 10시,목요일,충청남도 서산시 동문동,경상사고,0,0,1,0,차대사람 - 차도통행중,안전운전불이행,포장 - 건조,맑음,단일로 - 기타,승용,남,73세,상해없음,보행자,여,56세,경상
3831,2020051400100193,2020년 5월 14일 11시,목요일,충청남도 당진시 합덕읍,경상사고,0,0,1,0,차대사람 - 차도통행중,안전운전불이행,포장 - 건조,맑음,단일로 - 기타,승용,남,43세,상해없음,보행자,여,80세,경상
3832,2020051400100569,2020년 5월 14일 21시,목요일,충청남도 당진시 읍내리,경상사고,0,0,1,0,차대사람 - 차도통행중,안전운전불이행,포장 - 건조,맑음,교차로 - 교차로안,승용,남,26세,상해없음,보행자,남,38세,경상
3833,2020051500100171,2020년 5월 15일 10시,금요일,충청남도 아산시 모종동,경상사고,0,0,1,0,차대사람 - 횡단중,보행자보호의무위반,포장 - 젖음/습기,비,교차로 - 교차로안,승용,남,47세,상해없음,보행자,남,56세,경상
3834,2020051500100415,2020년 5월 15일 17시,금요일,충청남도 천안시 서북구 성정동,경상사고,0,0,1,0,차대사람 - 기타,안전운전불이행,포장 - 젖음/습기,비,단일로 - 기타,승용,여,56세,상해없음,보행자,여,48세,경상
3835,2020051500100670,2020년 5월 15일 23시,금요일,충청남도 천안시 서북구 백석동,중상사고,0,1,0,0,차대사람 - 횡단중,안전운전불이행,포장 - 건조,맑음,단일로 - 기타,승용,남,63세,상해없음,보행자,남,26세,중상
3836,2020051500100671,2020년 5월 15일 23시,금요일,충청남도 보령시 대천동,중상사고,0,1,0,0,차대사람 - 횡단중,보행자보호의무위반,포장 - 젖음/습기,흐림,교차로 - 교차로횡단보도내,승용,남,61세,상해없음,보행자,남,32세,중상
3837,2020051600100067,2020년 5월 16일 04시,토요일,충청남도 천안시 서북구 두정동,경상사고,0,0,1,0,차대사람 - 횡단중,안전운전불이행,포장 - 건조,맑음,단일로 - 기타,승용,남,37세,상해없음,보행자,남,36세,경상
3838,2020051600100281,2020년 5월 16일 14시,토요일,충청남도 부여군 부여읍,중상사고,0,1,0,0,차대사람 - 횡단중,안전운전불이행,포장 - 건조,맑음,교차로 - 교차로부근,승용,남,36세,상해없음,보행자,남,67세,중상
3839,2020051600100315,2020년 5월 16일 15시,토요일,충청남도 홍성군 홍성읍,경상사고,0,0,1,0,차대사람 - 차도통행중,안전운전불이행,포장 - 건조,맑음,단일로 - 기타,승용,여,23세,상해없음,보행자,여,86세,경상
3840,2020051600100438,2020년 5월 16일 19시,토요일,충청남도 공주시 신관동,중상사고,0,1,0,0,차대사람 - 횡단중,보행자보호의무위반,포장 - 건조,맑음,교차로 - 교차로횡단보도내,승합,남,68세,상해없음,보행자,여,11세,중상
3841,2020051600100517,2020년 5월 16일 22시,토요일,충청남도 공주시 신관동,경상사고,0,0,1,0,차대사람 - 횡단중,안전운전불이행,포장 - 건조,맑음,교차로 - 교차로안,화물,남,54세,상해없음,보행자,남,35세,경상
3842,2020051600100539,2020년 5월 16일 23시,토요일,충청남도 천안시 서북구 쌍용동,중상사고,0,1,0,0,차대사람 - 차도통행중,안전운전불이행,포장 - 건조,흐림,단일로 - 기타,승용,남,34세,상해없음,보행자,남,38세,중상
3843,2020051700100057,2020년 5월 17일 04시,일요일,충청남도 천안시 동남구 구성동,중상사고,0,1,0,0,차대사람 - 횡단중,안전운전불이행,포장 - 건조,맑음,교차로 - 교차로안,승합,남,64세,상해없음,보행자,남,52세,중상
3844,2020051700100223,2020년 5월 17일 14시,일요일,충청남도 서천군 서천읍,중상사고,0,1,0,0,차대사람 - 횡단중,보행자보호의무위반,포장 - 건조,맑음,교차로 - 교차로횡단보도내,승합,남,65세,상해없음,보행자,여,56세,중상
3845,2020051700100351,2020년 5월 17일 18시,일요일,충청남도 논산시 내동,중상사고,0,1,0,0,차대사람 - 횡단중,보행자보호의무위반,포장 - 건조,맑음,교차로 - 교차로안,승용,남,55세,상해없음,보행자,남,8세,중상
3846,2020051700100352,2020년 5월 17일 18시,일요일,충청남도 천안시 동남구 수신면,중상사고,0,1,0,0,차대사람 - 기타,직진우회전진행방해,포장 - 건조,맑음,교차로 - 교차로안,화물,남,71세,상해없음,보행자,남,7세,중상
3847,2020051800100176,2020년 5월 18일 11시,월요일,충청남도 천안시 서북구 쌍용동,중상사고,0,1,0,0,차대사람 - 횡단중,안전운전불이행,포장 - 건조,맑음,단일로 - 고가도로위,승용,남,35세,상해없음,보행자,남,40세,중상
3848,2020051800100298,2020년 5월 18일 14시,월요일,충청남도 서천군 서면,중상사고,0,1,0,0,차대사람 - 기타,안전운전불이행,포장 - 건조,흐림,단일로 - 기타,이륜,남,44세,상해없음,보행자,여,63세,중상
3849,2020051800100299,2020년 5월 18일 14시,월요일,충청남도 예산군 덕산면,경상사고,0,0,1,0,차대사람 - 기타,보행자보호의무위반,포장 - 건조,맑음,단일로 - 기타,승용,여,53세,상해없음,보행자,남,10세,경상
3850,2020051800100394,2020년 5월 18일 16시,월요일,충청남도 논산시 가야곡면,중상사고,0,1,0,0,차대사람 - 횡단중,안전운전불이행,포장 - 건조,맑음,교차로 - 교차로부근,화물,남,54세,상해없음,보행자,남,6세,중상
3851,2020051800100483,2020년 5월 18일 18시,월요일,충청남도 천안시 서북구 쌍용동,경상사고,0,0,1,0,차대사람 - 횡단중,신호위반,포장 - 건조,흐림,교차로 - 교차로횡단보도내,승용,남,61세,상해없음,보행자,남,42세,경상
3852,2020051800100521,2020년 5월 18일 19시,월요일,충청남도 천안시 동남구 신부동,중상사고,0,1,0,0,차대사람 - 기타,안전운전불이행,포장 - 건조,맑음,기타 - 기타,승합,남,44세,상해없음,보행자,여,76세,중상
3853,2020051900100060,2020년 5월 19일 07시,화요일,충청남도 천안시 동남구 원성동,중상사고,0,1,0,0,차대사람 - 횡단중,보행자보호의무위반,포장 - 건조,맑음,교차로 - 교차로안,승용,남,29세,상해없음,보행자,여,73세,중상
3854,2020051900100166,2020년 5월 19일 11시,화요일,충청남도 계룡시 엄사면,경상사고,0,0,1,0,차대사람 - 횡단중,안전운전불이행,포장 - 젖음/습기,비,교차로 - 교차로부근,화물,남,28세,상해없음,보행자,남,50세,경상
3855,2020051900100167,2020년 5월 19일 11시,화요일,충청남도 공주시 산성동,중상사고,0,1,0,0,차대사람 - 횡단중,안전운전불이행,포장 - 젖음/습기,비,단일로 - 기타,승용,남,72세,상해없음,보행자,여,77세,중상
3856,2020051900100201,2020년 5월 19일 12시,화요일,충청남도 당진시 시곡리,중상사고,0,1,0,0,차대사람 - 길가장자리구역통행중,안전운전불이행,포장 - 건조,맑음,교차로 - 교차로안,화물,남,52세,상해없음,보행자,여,82세,중상
3857,2020051900100514,2020년 5월 19일 21시,화요일,충청남도 서산시 예천동,경상사고,0,0,1,0,차대사람 - 횡단중,보행자보호의무위반,포장 - 젖음/습기,흐림,교차로 - 교차로부근,이륜,남,47세,상해없음,보행자,남,35세,경상
3858,2020052000100031,2020년 5월 20일 02시,수요일,충청남도 천안시 서북구 불당동,중상사고,0,1,0,0,차대사람 - 횡단중,안전운전불이행,포장 - 건조,맑음,단일로 - 기타,승용,남,37세,상해없음,보행자,여,16세,중상
3859,2020052000100049,2020년 5월 20일 04시,수요일,충청남도 천안시 서북구 성환읍,사망사고,1,0,0,0,차대사람 - 기타,안전운전불이행,포장 - 건조,맑음,단일로 - 기타,화물,남,67세,상해없음,보행자,남,51세,사망
3860,2020052000100115,2020년 5월 20일 08시,수요일,충청남도 천안시 서북구 부대동,경상사고,0,0,1,0,차대사람 - 차도통행중,안전운전불이행,포장 - 건조,맑음,단일로 - 기타,이륜,남,29세,상해없음,보행자,여,17세,경상
3861,2020052000100116,2020년 5월 20일 08시,수요일,충청남도 보령시 궁촌동,경상사고,0,0,1,0,차대사람 - 기타,안전운전불이행,포장 - 건조,맑음,기타 - 기타,기타불명,기타불명,미분류,기타불명,보행자,남,58세,경상
3862,2020052000100434,2020년 5월 20일 16시,수요일,충청남도 아산시 배방읍,경상사고,0,0,1,0,차대사람 - 차도통행중,안전운전불이행,포장 - 건조,맑음,단일로 - 기타,화물,남,50세,상해없음,보행자,여,74세,경상
3863,2020052000100610,2020년 5월 20일 20시,수요일,충청남도 예산군 덕산면,중상사고,0,1,0,0,차대사람 - 차도통행중,안전운전불이행,포장 - 건조,맑음,단일로 - 기타,화물,남,69세,상해없음,보행자,남,68세,중상
3864,2020052100100067,2020년 5월 21일 07시,목요일,충청남도 보령시 미산면,중상사고,0,1,0,0,차대사람 - 기타,안전운전불이행,포장 - 건조,맑음,단일로 - 기타,화물,남,66세,상해없음,보행자,남,35세,중상
3865,2020052100100207,2020년 5월 21일 11시,목요일,충청남도 천안시 서북구 성정동,중상사고,0,1,0,0,차대사람 - 기타,안전운전불이행,포장 - 건조,맑음,단일로 - 기타,화물,남,29세,상해없음,보행자,여,85세,중상
3866,2020052100100562,2020년 5월 21일 20시,목요일,충청남도 천안시 서북구 백석동,중상사고,0,1,0,0,차대사람 - 기타,안전운전불이행,포장 - 건조,맑음,단일로 - 기타,승용,남,27세,상해없음,보행자,남,37세,중상
3867,2020052100100588,2020년 5월 21일 21시,목요일,충청남도 보령시 대천동,중상사고,0,1,0,0,차대사람 - 기타,안전운전불이행,포장 - 건조,맑음,단일로 - 기타,승용,남,40세,상해없음,보행자,남,61세,중상
3868,2020052200100508,2020년 5월 22일 18시,금요일,충청남도 천안시 서북구 입장면,경상사고,0,0,1,0,차대사람 - 길가장자리구역통행중,안전운전불이행,포장 - 건조,맑음,단일로 - 기타,승용,남,20세,상해없음,보행자,남,37세,경상
3869,2020052300100327,2020년 5월 23일 14시,토요일,충청남도 천안시 동남구 신부동,경상사고,0,0,1,0,차대사람 - 횡단중,신호위반,포장 - 건조,맑음,교차로 - 교차로횡단보도내,이륜,남,50세,기타불명,보행자,여,64세,경상
3870,2020052300100361,2020년 5월 23일 15시,토요일,충청남도 예산군 예산읍,경상사고,0,0,1,0,차대사람 - 차도통행중,안전운전불이행,포장 - 건조,맑음,단일로 - 기타,승용,남,47세,상해없음,보행자,여,70세,경상
3871,2020052300100442,2020년 5월 23일 17시,토요일,충청남도 보령시 남포면,중상사고,0,1,0,0,차대사람 - 횡단중,안전운전불이행,포장 - 건조,맑음,단일로 - 기타,승용,여,26세,상해없음,보행자,여,84세,중상
3872,2020052300100609,2020년 5월 23일 23시,토요일,충청남도 당진시 송산면,사망사고,1,0,0,0,차대사람 - 차도통행중,안전운전불이행,포장 - 건조,맑음,단일로 - 기타,승합,남,69세,상해없음,보행자,남,60세,사망
3873,2020052400100324,2020년 5월 24일 17시,일요일,충청남도 당진시 신평면,경상사고,0,0,1,0,차대사람 - 차도통행중,안전운전불이행,포장 - 건조,맑음,단일로 - 기타,승용,여,49세,상해없음,보행자,남,20세,경상
3874,2020052500100134,2020년 5월 25일 09시,월요일,충청남도 천안시 동남구 원성동,경상사고,0,0,1,0,차대사람 - 기타,안전운전불이행,포장 - 건조,맑음,단일로 - 기타,승용,남,82세,상해없음,보행자,남,63세,경상
3875,2020052500100162,2020년 5월 25일 10시,월요일,충청남도 보령시 명천동,경상사고,0,0,1,0,차대사람 - 기타,안전운전불이행,포장 - 건조,맑음,기타 - 기타,승용,여,68세,상해없음,보행자,여,59세,경상
3876,2020052500100262,2020년 5월 25일 13시,월요일,충청남도 서산시 해미면,경상사고,0,0,1,0,차대사람 - 횡단중,보행자보호의무위반,포장 - 건조,맑음,교차로 - 교차로부근,승용,남,48세,상해없음,보행자,남,4세,경상
3877,2020052500100375,2020년 5월 25일 16시,월요일,충청남도 천안시 서북구 성정동,경상사고,0,0,1,0,차대사람 - 차도통행중,안전운전불이행,포장 - 건조,맑음,단일로 - 기타,승용,남,59세,상해없음,보행자,남,33세,경상
3878,2020052600100139,2020년 5월 26일 09시,화요일,충청남도 보령시 궁촌동,중상사고,0,1,0,0,차대사람 - 기타,안전운전불이행,포장 - 건조,맑음,단일로 - 기타,건설기계,남,60세,상해없음,보행자,여,80세,중상
3879,2020052600100236,2020년 5월 26일 12시,화요일,충청남도 예산군 신양면,중상사고,0,1,0,0,차대사람 - 기타,기타,포장 - 건조,맑음,단일로 - 기타,승합,남,65세,상해없음,보행자,여,80세,중상
3880,2020052600100276,2020년 5월 26일 13시,화요일,충청남도 천안시 동남구 원성동,경상사고,0,0,1,0,차대사람 - 기타,보행자보호의무위반,포장 - 건조,맑음,단일로 - 기타,승용,여,41세,상해없음,보행자,남,63세,경상
3881,2020052600100307,2020년 5월 26일 14시,화요일,충청남도 공주시 산성동,경상사고,0,0,1,0,차대사람 - 횡단중,안전운전불이행,포장 - 건조,맑음,단일로 - 기타,화물,남,59세,상해없음,보행자,여,67세,경상
3882,2020052600100414,2020년 5월 26일 17시,화요일,충청남도 논산시 취암동,경상사고,0,0,1,0,차대사람 - 차도통행중,안전운전불이행,포장 - 건조,맑음,단일로 - 기타,승용,남,63세,상해없음,보행자,남,2세,경상
3883,2020052600100454,2020년 5월 26일 18시,화요일,충청남도 당진시 읍내리,경상사고,0,0,1,0,차대사람 - 기타,안전운전불이행,포장 - 건조,맑음,단일로 - 기타,이륜,남,44세,상해없음,보행자,남,11세,경상
3884,2020052600100518,2020년 5월 26일 20시,화요일,충청남도 공주시 사곡면,중상사고,0,1,1,0,차대사람 - 길가장자리구역통행중,안전운전불이행,포장 - 건조,맑음,단일로 - 기타,이륜,남,66세,경상,보행자,남,59세,중상
3885,2020052600100570,2020년 5월 26일 22시,화요일,충청남도 천안시 서북구 성정동,중상사고,0,1,0,0,차대사람 - 횡단중,안전운전불이행,포장 - 건조,맑음,단일로 - 기타,이륜,남,31세,상해없음,보행자,여,60세,중상
3886,2020052600100571,2020년 5월 26일 22시,화요일,충청남도 천안시 동남구 삼룡동,중상사고,0,1,0,0,차대사람 - 횡단중,보행자보호의무위반,포장 - 건조,맑음,교차로 - 교차로횡단보도내,승용,남,27세,상해없음,보행자,남,53세,중상
3887,2020052700100107,2020년 5월 27일 08시,수요일,충청남도 금산군 금산읍,중상사고,0,1,0,0,차대사람 - 횡단중,안전운전불이행,포장 - 건조,맑음,단일로 - 기타,화물,남,55세,상해없음,보행자,여,66세,중상
3888,2020052700100328,2020년 5월 27일 14시,수요일,충청남도 천안시 서북구 쌍용동,경상사고,0,0,1,0,차대사람 - 기타,안전운전불이행,포장 - 건조,맑음,교차로 - 교차로안,승용,남,53세,상해없음,보행자,여,75세,경상
3889,2020052700100330,2020년 5월 27일 14시,수요일,충청남도 천안시 동남구 신부동,경상사고,0,0,2,0,차대사람 - 횡단중,안전운전불이행,포장 - 건조,맑음,교차로 - 교차로횡단보도내,화물,남,48세,상해없음,보행자,여,39세,경상
3890,2020052700100638,2020년 5월 27일 21시,수요일,충청남도 계룡시 엄사면,중상사고,0,1,0,0,차대사람 - 차도통행중,중앙선침범,포장 - 건조,맑음,교차로 - 교차로부근,승용,여,52세,상해없음,보행자,남,54세,중상
3891,2020052800100003,2020년 5월 28일 00시,목요일,충청남도 천안시 동남구 구성동,중상사고,0,1,1,0,차대사람 - 횡단중,안전운전불이행,포장 - 건조,맑음,단일로 - 기타,승용,남,29세,경상,보행자,여,35세,중상
3892,2020052800100078,2020년 5월 28일 07시,목요일,충청남도 서산시 성연면,중상사고,0,2,0,0,차대사람 - 기타,기타,포장 - 건조,맑음,단일로 - 기타,화물,남,49세,중상,보행자,남,27세,중상
3893,2020052800100148,2020년 5월 28일 09시,목요일,충청남도 천안시 동남구 청당동,경상사고,0,0,1,0,차대사람 - 기타,안전운전불이행,포장 - 건조,맑음,단일로 - 기타,승용,여,45세,상해없음,보행자,남,51세,경상
3894,2020052800100251,2020년 5월 28일 12시,목요일,충청남도 홍성군 장곡면,중상사고,0,1,0,0,차대사람 - 기타,안전운전불이행,포장 - 건조,맑음,단일로 - 기타,기타불명,기타불명,미분류,기타불명,보행자,여,84세,중상