,사고번호,사고일시,요일,시군구,사고내용,사망자수,중상자수,경상자수,부상신고자수,사고유형,법규위반,노면상태,기상상태,도로형태,가해운전자 차종,가해운전자 성별,가해운전자 연령,가해운전자 상해정도,피해운전자 차종,피해운전자 성별,피해운전자 연령,피해운전자 상해정도
4331,2020092200100118,2020년 9월 22일 08시,화요일,충청남도 서산시 예천동,부상신고사고,0,0,0,1,차대사람 - 길가장자리구역통행중,안전운전불이행,포장 - 건조,맑음,단일로 - 기타,화물,남,25세,상해없음,보행자,남,59세,부상신고
4332,2020092200100238,2020년 9월 22일 11시,화요일,충청남도 천안시 서북구 성정동,경상사고,0,0,1,0,차대사람 - 횡단중,보행자보호의무위반,포장 - 건조,맑음,단일로 - 기타,승합,남,60세,상해없음,보행자,여,26세,경상
4333,2020092200100317,2020년 9월 22일 13시,화요일,충청남도 서천군 장항읍,경상사고,0,0,1,0,차대사람 - 기타,안전운전불이행,포장 - 건조,맑음,교차로 - 교차로부근,승용,남,56세,상해없음,보행자,여,23세,경상
4334,2020092200100458,2020년 9월 22일 16시,화요일,충청남도 부여군 구룡면,사망사고,1,0,0,0,차대사람 - 기타,안전운전불이행,포장 - 건조,맑음,주차장 - 주차장,화물,남,67세,상해없음,보행자,여,68세,사망
4335,2020092200100568,2020년 9월 22일 18시,화요일,충청남도 천안시 서북구 성정동,중상사고,0,1,0,0,차대사람 - 기타,안전운전불이행,포장 - 건조,맑음,단일로 - 기타,이륜,남,29세,상해없음,보행자,남,64세,중상
4336,2020092200100569,2020년 9월 22일 18시,화요일,충청남도 아산시 온천동,경상사고,0,0,1,0,차대사람 - 기타,안전운전불이행,포장 - 건조,맑음,단일로 - 기타,승용,여,47세,상해없음,보행자,남,50세,경상
4337,2020092200100666,2020년 9월 22일 20시,화요일,충청남도 천안시 서북구 성환읍,경상사고,0,0,1,0,차대사람 - 횡단중,보행자보호의무위반,포장 - 건조,맑음,교차로 - 교차로안,승용,남,31세,상해없음,보행자,남,49세,경상
4338,2020092300100148,2020년 9월 23일 09시,수요일,충청남도 아산시 둔포면,경상사고,0,0,1,0,차대사람 - 기타,안전운전불이행,포장 - 건조,맑음,교차로 - 교차로안,화물,남,38세,상해없음,보행자,남,40세,경상
4339,2020092300100275,2020년 9월 23일 13시,수요일,충청남도 예산군 예산읍,경상사고,0,0,1,0,차대사람 - 보도통행중,안전운전불이행,포장 - 건조,맑음,교차로 - 교차로안,화물,남,51세,상해없음,보행자,여,66세,경상
4340,2020092300100439,2020년 9월 23일 17시,수요일,충청남도 논산시 취암동,경상사고,0,0,1,0,차대사람 - 횡단중,신호위반,포장 - 건조,맑음,교차로 - 교차로횡단보도내,화물,남,64세,상해없음,보행자,여,9세,경상
4341,2020092300100484,2020년 9월 23일 18시,수요일,충청남도 청양군 청양읍,중상사고,0,1,0,0,차대사람 - 횡단중,안전운전불이행,포장 - 건조,맑음,교차로 - 교차로안,승용,남,48세,상해없음,보행자,남,27세,중상
4342,2020092400100500,2020년 9월 24일 18시,목요일,충청남도 보령시 죽정동,중상사고,0,1,0,0,차대사람 - 횡단중,보행자보호의무위반,포장 - 건조,맑음,교차로 - 교차로횡단보도내,승용,여,56세,상해없음,보행자,남,10세,중상
4343,2020092400100592,2020년 9월 24일 20시,목요일,충청남도 당진시 송악읍,중상사고,0,1,0,0,차대사람 - 기타,안전운전불이행,포장 - 건조,기타,단일로 - 기타,승용,남,27세,상해없음,보행자,남,61세,중상
4344,2020092400100593,2020년 9월 24일 20시,목요일,충청남도 천안시 동남구 다가동,경상사고,0,0,1,0,차대사람 - 기타,안전운전불이행,포장 - 건조,맑음,기타 - 기타,승합,여,37세,상해없음,보행자,남,21세,경상
4345,2020092500100150,2020년 9월 25일 09시,금요일,충청남도 아산시 온천동,경상사고,0,0,1,0,차대사람 - 횡단중,보행자보호의무위반,포장 - 건조,맑음,단일로 - 기타,승용,남,44세,상해없음,보행자,여,70세,경상
4346,2020092500100247,2020년 9월 25일 12시,금요일,충청남도 당진시 읍내리,중상사고,0,1,0,0,차대사람 - 횡단중,안전운전불이행,포장 - 건조,맑음,단일로 - 기타,승용,여,61세,상해없음,보행자,남,57세,중상
4347,2020092500100558,2020년 9월 25일 18시,금요일,충청남도 천안시 동남구 원성동,경상사고,0,0,1,0,차대사람 - 횡단중,보행자보호의무위반,포장 - 건조,맑음,교차로 - 교차로횡단보도내,승용,여,50세,상해없음,보행자,여,27세,경상
4348,2020092500100727,2020년 9월 25일 22시,금요일,충청남도 보령시 남포면,사망사고,1,0,0,0,차대사람 - 횡단중,안전운전불이행,포장 - 건조,맑음,단일로 - 기타,화물,남,64세,상해없음,보행자,여,74세,사망
4349,2020092600100093,2020년 9월 26일 07시,토요일,충청남도 아산시 좌부동,중상사고,0,1,0,0,차대사람 - 기타,보행자보호의무위반,포장 - 건조,맑음,교차로 - 교차로횡단보도내,승합,남,61세,상해없음,보행자,여,80세,중상
4350,2020092600100121,2020년 9월 26일 08시,토요일,충청남도 서산시 예천동,중상사고,0,1,0,0,차대사람 - 횡단중,안전운전불이행,포장 - 건조,맑음,단일로 - 기타,승용,여,47세,상해없음,보행자,여,72세,중상
4351,2020092600100278,2020년 9월 26일 12시,토요일,충청남도 천안시 서북구 성환읍,중상사고,0,1,0,0,차대사람 - 기타,안전운전불이행,포장 - 건조,맑음,단일로 - 기타,승용,남,64세,상해없음,보행자,여,73세,중상
4352,2020092600100413,2020년 9월 26일 15시,토요일,충청남도 천안시 서북구 성정동,사망사고,1,0,0,0,차대사람 - 기타,안전운전불이행,포장 - 건조,맑음,교차로 - 교차로부근,건설기계,남,60세,상해없음,보행자,남,63세,사망
4353,2020092600100415,2020년 9월 26일 15시,토요일,충청남도 천안시 동남구 성황동,부상신고사고,0,0,0,1,차대사람 - 차도통행중,안전운전불이행,포장 - 건조,맑음,기타 - 기타,승용,남,19세,상해없음,보행자,남,9세,부상신고
4354,2020092600100504,2020년 9월 26일 17시,토요일,충청남도 천안시 서북구 입장면,경상사고,0,0,1,0,차대사람 - 횡단중,안전운전불이행,포장 - 건조,맑음,단일로 - 기타,화물,남,48세,상해없음,보행자,남,66세,경상
4355,2020092600100544,2020년 9월 26일 18시,토요일,충청남도 천안시 서북구 두정동,중상사고,0,1,0,0,차대사람 - 횡단중,안전운전불이행,포장 - 건조,맑음,단일로 - 기타,승용,여,52세,상해없음,보행자,여,61세,중상
4356,2020092600100631,2020년 9월 26일 20시,토요일,충청남도 당진시 합덕읍,중상사고,0,1,0,0,차대사람 - 길가장자리구역통행중,안전운전불이행,포장 - 건조,맑음,기타 - 기타,화물,남,50세,상해없음,보행자,남,51세,중상
4357,2020092800100148,2020년 9월 28일 09시,월요일,충청남도 아산시 모종동,경상사고,0,0,1,0,차대사람 - 기타,안전운전불이행,포장 - 건조,맑음,교차로 - 교차로안,승용,남,50세,상해없음,보행자,남,76세,경상
4358,2020092800100231,2020년 9월 28일 11시,월요일,충청남도 천안시 서북구 성정동,경상사고,0,0,1,0,차대사람 - 보도통행중,기타,포장 - 건조,맑음,단일로 - 기타,이륜,남,65세,상해없음,보행자,남,38세,경상
4359,2020092800100335,2020년 9월 28일 13시,월요일,충청남도 공주시 반포면,중상사고,0,1,0,0,차대사람 - 기타,안전운전불이행,포장 - 건조,맑음,교차로 - 교차로부근,승용,여,55세,상해없음,보행자,여,89세,중상
4360,2020092800100437,2020년 9월 28일 15시,월요일,충청남도 천안시 동남구 신부동,중상사고,0,1,0,0,차대사람 - 횡단중,보행자보호의무위반,포장 - 건조,맑음,교차로 - 교차로횡단보도내,화물,남,40세,기타불명,보행자,여,54세,중상
4361,2020092800100626,2020년 9월 28일 18시,월요일,충청남도 천안시 서북구 성정동,경상사고,0,0,1,0,차대사람 - 기타,안전운전불이행,포장 - 건조,맑음,단일로 - 기타,승용,남,54세,상해없음,보행자,여,52세,경상
4362,2020092900100189,2020년 9월 29일 10시,화요일,충청남도 천안시 서북구 차암동,중상사고,0,1,0,0,차대사람 - 기타,안전운전불이행,포장 - 건조,맑음,기타 - 기타,승용,여,65세,상해없음,보행자,여,55세,중상
4363,2020092900100242,2020년 9월 29일 11시,화요일,충청남도 당진시 채운동,중상사고,0,1,0,0,차대사람 - 기타,안전운전불이행,포장 - 건조,맑음,기타 - 기타,승용,여,49세,상해없음,보행자,여,86세,중상
4364,2020092900100564,2020년 9월 29일 17시,화요일,충청남도 논산시 취암동,경상사고,0,0,1,0,차대사람 - 횡단중,보행자보호의무위반,포장 - 건조,맑음,교차로 - 교차로횡단보도내,승용,여,60세,상해없음,보행자,여,10세,경상
4365,2020092900100565,2020년 9월 29일 17시,화요일,충청남도 보령시 대천동,중상사고,0,1,0,0,차대사람 - 기타,보행자보호의무위반,포장 - 건조,맑음,단일로 - 기타,승용,남,53세,상해없음,보행자,남,81세,중상
4366,2020092900100566,2020년 9월 29일 17시,화요일,충청남도 공주시 신관동,중상사고,0,1,0,0,차대사람 - 기타,안전운전불이행,포장 - 건조,맑음,주차장 - 주차장,승용,여,54세,상해없음,보행자,여,55세,중상
4367,2020092900100775,2020년 9월 29일 21시,화요일,충청남도 천안시 서북구 쌍용동,경상사고,0,0,1,0,차대사람 - 횡단중,보행자보호의무위반,포장 - 건조,맑음,단일로 - 기타,이륜,남,71세,상해없음,보행자,남,28세,경상
4368,2020093000100034,2020년 9월 30일 01시,수요일,충청남도 아산시 용화동,부상신고사고,0,0,0,1,차대사람 - 횡단중,안전운전불이행,포장 - 건조,맑음,교차로 - 교차로부근,승용,여,22세,기타불명,보행자,여,19세,부상신고
4369,2020093000100246,2020년 9월 30일 13시,수요일,충청남도 금산군 금산읍,중상사고,0,1,0,0,차대사람 - 횡단중,안전운전불이행,포장 - 건조,맑음,단일로 - 기타,승용,남,41세,상해없음,보행자,남,35세,중상
4370,2020093000100276,2020년 9월 30일 14시,수요일,충청남도 천안시 동남구 병천면,중상사고,0,1,0,0,차대사람 - 기타,안전운전불이행,포장 - 건조,맑음,단일로 - 기타,화물,여,39세,상해없음,보행자,여,76세,중상
4371,2020093000100373,2020년 9월 30일 17시,수요일,충청남도 당진시 정미면,중상사고,0,1,1,0,차대사람 - 횡단중,보행자보호의무위반,포장 - 건조,맑음,단일로 - 기타,승용,남,43세,상해없음,보행자,여,47세,경상
4372,2020093000100434,2020년 9월 30일 19시,수요일,충청남도 아산시 온천동,중상사고,0,1,0,0,차대사람 - 차도통행중,안전운전불이행,포장 - 건조,맑음,단일로 - 기타,승용,여,53세,상해없음,보행자,남,59세,중상
4373,2020093000100503,2020년 9월 30일 22시,수요일,충청남도 천안시 서북구 불당동,경상사고,0,0,1,0,차대사람 - 보도통행중,안전운전불이행,포장 - 건조,맑음,기타 - 기타,기타불명,남,18세,상해없음,보행자,여,38세,경상
4374,2020100100100267,2020년 10월 1일 19시,목요일,충청남도 서산시 부석면,중상사고,0,1,0,0,차대사람 - 기타,안전운전불이행,포장 - 건조,맑음,단일로 - 기타,화물,남,53세,상해없음,보행자,여,51세,중상
4375,2020100200100191,2020년 10월 2일 15시,금요일,충청남도 보령시 신흑동,경상사고,0,0,1,0,차대사람 - 기타,안전운전불이행,포장 - 건조,맑음,단일로 - 기타,화물,여,54세,상해없음,보행자,남,55세,경상
4376,2020100200100349,2020년 10월 2일 20시,금요일,충청남도 아산시 온천동,경상사고,0,0,1,0,차대사람 - 차도통행중,안전운전불이행,포장 - 건조,맑음,교차로 - 교차로안,승용,여,48세,상해없음,보행자,여,52세,경상
4377,2020100300100020,2020년 10월 3일 01시,토요일,충청남도 천안시 서북구 두정동,중상사고,0,1,0,0,차대사람 - 횡단중,안전운전불이행,포장 - 젖음/습기,비,단일로 - 고가도로위,승용,여,55세,상해없음,보행자,남,65세,중상
4378,2020100300100148,2020년 10월 3일 12시,토요일,충청남도 아산시 배방읍,중상사고,0,1,1,0,차대사람 - 보도통행중,보행자보호의무위반,포장 - 건조,맑음,교차로 - 교차로횡단보도내,화물,남,56세,상해없음,보행자,남,4세,경상
4379,2020100300100210,2020년 10월 3일 14시,토요일,충청남도 서천군 장항읍,중상사고,0,1,0,0,차대사람 - 횡단중,보행자보호의무위반,포장 - 젖음/습기,비,교차로 - 교차로횡단보도내,승용,남,38세,상해없음,보행자,여,30세,중상
4380,2020100500100098,2020년 10월 5일 08시,월요일,충청남도 서천군 서천읍,중상사고,0,1,0,0,차대사람 - 차도통행중,안전운전불이행,포장 - 건조,맑음,단일로 - 기타,승용,여,37세,상해없음,보행자,남,71세,중상
4381,2020100500100525,2020년 10월 5일 18시,월요일,충청남도 보령시 대천동,중상사고,0,1,0,0,차대사람 - 횡단중,보행자보호의무위반,포장 - 건조,맑음,단일로 - 기타,승용,남,57세,상해없음,보행자,여,46세,중상
4382,2020100500100650,2020년 10월 5일 23시,월요일,충청남도 천안시 서북구 성정동,경상사고,0,0,1,0,차대사람 - 횡단중,안전운전불이행,포장 - 건조,맑음,교차로 - 교차로안,화물,남,45세,상해없음,보행자,남,25세,경상
4383,2020100600100137,2020년 10월 6일 09시,화요일,충청남도 공주시 산성동,중상사고,0,1,0,0,차대사람 - 횡단중,보행자보호의무위반,포장 - 건조,맑음,단일로 - 기타,승용,남,68세,상해없음,보행자,여,71세,중상
4384,2020100600100138,2020년 10월 6일 09시,화요일,충청남도 태안군 근흥면,경상사고,0,0,1,0,차대사람 - 횡단중,안전운전불이행,포장 - 건조,맑음,단일로 - 기타,승용,남,78세,상해없음,보행자,남,36세,경상
4385,2020100600100249,2020년 10월 6일 12시,화요일,충청남도 태안군 태안읍,중상사고,0,1,0,0,차대사람 - 횡단중,보행자보호의무위반,포장 - 건조,맑음,교차로 - 교차로안,승용,여,72세,상해없음,보행자,여,60세,중상
4386,2020100600100499,2020년 10월 6일 18시,화요일,충청남도 서산시 석남동,경상사고,0,0,1,0,차대사람 - 길가장자리구역통행중,보행자보호의무위반,포장 - 건조,맑음,교차로 - 교차로안,승용,남,60세,상해없음,보행자,남,51세,경상
4387,2020100600100501,2020년 10월 6일 18시,화요일,충청남도 논산시 내동,중상사고,0,1,0,0,차대사람 - 횡단중,안전운전불이행,포장 - 건조,맑음,교차로 - 교차로부근,승용,여,38세,상해없음,보행자,여,80세,중상
4388,2020100600100503,2020년 10월 6일 18시,화요일,충청남도 서천군 서천읍,중상사고,0,1,0,0,차대사람 - 횡단중,안전운전불이행,포장 - 건조,맑음,교차로 - 교차로안,승용,남,42세,상해없음,보행자,여,43세,중상
4389,2020100600100504,2020년 10월 6일 18시,화요일,충청남도 당진시 읍내리,경상사고,0,0,1,0,차대사람 - 기타,안전운전불이행,포장 - 건조,맑음,교차로 - 교차로안,승용,여,37세,상해없음,보행자,남,42세,경상
4390,2020100600100549,2020년 10월 6일 19시,화요일,충청남도 계룡시 금암동,중상사고,0,1,0,0,차대사람 - 횡단중,보행자보호의무위반,포장 - 건조,맑음,단일로 - 기타,승용,남,47세,상해없음,보행자,남,39세,중상
4391,2020100600100637,2020년 10월 6일 22시,화요일,충청남도 천안시 서북구 성정동,중상사고,0,1,0,0,차대사람 - 횡단중,안전운전불이행,포장 - 건조,맑음,교차로 - 교차로안,승용,남,34세,상해없음,보행자,남,56세,중상
4392,2020100700100007,2020년 10월 7일 00시,수요일,충청남도 천안시 서북구 성거읍,중상사고,0,1,2,0,차대사람 - 기타,안전운전불이행,포장 - 건조,맑음,교차로 - 교차로안,승용,남,57세,상해없음,보행자,남,65세,중상
4393,2020100700100097,2020년 10월 7일 08시,수요일,충청남도 보령시 웅천읍,중상사고,0,1,0,0,차대사람 - 횡단중,보행자보호의무위반,포장 - 건조,맑음,교차로 - 교차로횡단보도내,화물,남,55세,상해없음,보행자,여,83세,중상
4394,2020100700100159,2020년 10월 7일 10시,수요일,충청남도 당진시 원당리,중상사고,0,1,0,0,차대사람 - 기타,보행자보호의무위반,포장 - 건조,맑음,교차로 - 교차로횡단보도내,승용,남,52세,상해없음,보행자,여,81세,중상
4395,2020100700100160,2020년 10월 7일 10시,수요일,충청남도 금산군 금산읍,중상사고,0,1,0,0,차대사람 - 횡단중,보행자보호의무위반,포장 - 건조,맑음,교차로 - 교차로횡단보도내,화물,남,77세,상해없음,보행자,남,78세,중상
4396,2020100700100194,2020년 10월 7일 11시,수요일,충청남도 서산시 동문동,중상사고,0,1,0,0,차대사람 - 기타,안전운전불이행,포장 - 건조,맑음,단일로 - 기타,화물,남,47세,상해없음,보행자,남,71세,중상
4397,2020100700100195,2020년 10월 7일 11시,수요일,충청남도 예산군 덕산면,경상사고,0,0,1,0,차대사람 - 횡단중,보행자보호의무위반,포장 - 건조,맑음,기타 - 기타,승용,여,54세,상해없음,보행자,여,90세,경상
4398,2020100700100298,2020년 10월 7일 14시,수요일,충청남도 천안시 서북구 성환읍,중상사고,0,1,0,0,차대사람 - 차도통행중,안전운전불이행,포장 - 건조,맑음,단일로 - 기타,승용,여,51세,상해없음,보행자,남,71세,중상
4399,2020100700100415,2020년 10월 7일 17시,수요일,충청남도 천안시 서북구 성성동,중상사고,0,1,0,0,차대사람 - 횡단중,안전운전불이행,포장 - 건조,맑음,단일로 - 기타,승용,남,40세,상해없음,보행자,여,10세,중상
4400,2020100700100520,2020년 10월 7일 19시,수요일,충청남도 천안시 동남구 신방동,경상사고,0,0,1,0,차대사람 - 기타,안전운전불이행,포장 - 건조,맑음,교차로 - 교차로안,승합,남,39세,상해없음,보행자,여,60세,경상
4401,2020100700100554,2020년 10월 7일 20시,수요일,충청남도 아산시 둔포면,중상사고,0,1,0,0,차대사람 - 횡단중,안전운전불이행,포장 - 건조,맑음,교차로 - 교차로부근,이륜,남,18세,기타불명,보행자,여,37세,중상
4402,2020100700100578,2020년 10월 7일 21시,수요일,충청남도 서천군 서천읍,중상사고,0,1,0,0,차대사람 - 기타,안전운전불이행,포장 - 건조,맑음,교차로 - 교차로안,승용,여,24세,상해없음,보행자,남,58세,중상
4403,2020100700100605,2020년 10월 7일 22시,수요일,충청남도 천안시 동남구 신방동,경상사고,0,0,1,0,차대사람 - 기타,안전운전불이행,포장 - 건조,맑음,교차로 - 교차로부근,승용,남,45세,기타불명,보행자,남,47세,경상
4404,2020100800100262,2020년 10월 8일 11시,목요일,충청남도 태안군 남면,중상사고,0,1,0,0,차대사람 - 차도통행중,안전운전불이행,포장 - 건조,맑음,단일로 - 기타,승용,여,58세,상해없음,보행자,여,83세,중상
4405,2020100800100501,2020년 10월 8일 17시,목요일,충청남도 천안시 동남구 신방동,중상사고,0,1,0,0,차대사람 - 기타,안전운전불이행,포장 - 건조,맑음,단일로 - 기타,승용,남,72세,상해없음,보행자,남,59세,중상
4406,2020100800100668,2020년 10월 8일 20시,목요일,충청남도 당진시 읍내리,경상사고,0,0,1,0,차대사람 - 차도통행중,안전운전불이행,포장 - 건조,맑음,교차로 - 교차로안,승용,남,48세,상해없음,보행자,남,55세,경상
4407,2020100900100158,2020년 10월 9일 10시,금요일,충청남도 청양군 화성면,중상사고,0,1,0,0,차대사람 - 길가장자리구역통행중,안전운전불이행,포장 - 건조,맑음,기타 - 기타,건설기계,남,53세,상해없음,보행자,여,52세,중상
4408,2020100900100186,2020년 10월 9일 11시,금요일,충청남도 아산시 배방읍,사망사고,1,0,0,0,차대사람 - 기타,중앙선침범,포장 - 건조,맑음,단일로 - 기타,승용,남,49세,상해없음,보행자,여,68세,사망
4409,2020100900100187,2020년 10월 9일 11시,금요일,충청남도 천안시 동남구 사직동,중상사고,0,1,0,0,차대사람 - 횡단중,보행자보호의무위반,포장 - 건조,맑음,교차로 - 교차로횡단보도내,승용,여,68세,상해없음,보행자,남,78세,중상
4410,2020100900100294,2020년 10월 9일 14시,금요일,충청남도 보령시 오천면,경상사고,0,0,1,0,차대사람 - 기타,안전운전불이행,포장 - 건조,맑음,단일로 - 기타,승용,남,50세,상해없음,보행자,여,76세,경상
4411,2020100900100514,2020년 10월 9일 20시,금요일,충청남도 서산시 석림동,중상사고,0,1,0,0,차대사람 - 횡단중,안전운전불이행,포장 - 건조,맑음,교차로 - 교차로부근,화물,남,45세,상해없음,보행자,남,63세,중상
4412,2020100900100515,2020년 10월 9일 20시,금요일,충청남도 부여군 옥산면,중상사고,0,1,0,0,차대사람 - 차도통행중,안전운전불이행,포장 - 건조,맑음,단일로 - 교량,승용,남,50세,상해없음,보행자,남,37세,중상
4413,2020100900100589,2020년 10월 9일 23시,금요일,충청남도 서산시 예천동,부상신고사고,0,0,0,1,차대사람 - 횡단중,안전운전불이행,포장 - 건조,맑음,교차로 - 교차로안,승용,여,36세,상해없음,보행자,남,22세,부상신고
4414,2020101000100093,2020년 10월 10일 08시,토요일,충청남도 천안시 동남구 신부동,중상사고,0,1,0,0,차대사람 - 기타,안전운전불이행,포장 - 건조,맑음,기타 - 기타,이륜,여,70세,상해없음,보행자,여,50세,중상
4415,2020101000100183,2020년 10월 10일 11시,토요일,충청남도 태안군 태안읍,중상사고,0,1,0,0,차대사람 - 횡단중,보행자보호의무위반,포장 - 건조,맑음,교차로 - 교차로횡단보도내,승용,남,69세,상해없음,보행자,여,86세,중상
4416,2020101000100262,2020년 10월 10일 13시,토요일,충청남도 당진시 읍내리,경상사고,0,0,1,0,차대사람 - 기타,안전운전불이행,포장 - 건조,맑음,교차로 - 교차로안,승용,남,22세,상해없음,보행자,여,1세,경상
4417,2020101000100300,2020년 10월 10일 14시,토요일,충청남도 천안시 동남구 신부동,경상사고,0,0,1,0,차대사람 - 기타,안전운전불이행,포장 - 건조,맑음,단일로 - 기타,승용,여,29세,기타불명,보행자,남,27세,경상
4418,2020101000100383,2020년 10월 10일 16시,토요일,충청남도 천안시 서북구 직산읍,사망사고,1,0,0,0,차대사람 - 기타,안전운전불이행,포장 - 건조,맑음,단일로 - 기타,화물,남,66세,상해없음,보행자,남,56세,사망
4419,2020101100100009,2020년 10월 11일 00시,일요일,충청남도 천안시 서북구 성환읍,경상사고,0,0,1,0,차대사람 - 횡단중,안전운전불이행,포장 - 건조,맑음,단일로 - 기타,승용,여,26세,상해없음,보행자,남,52세,경상
4420,2020101100100055,2020년 10월 11일 05시,일요일,충청남도 당진시 신평면,경상사고,0,0,1,0,차대사람 - 기타,안전운전불이행,포장 - 건조,기타,기타 - 기타,승용,남,46세,상해없음,보행자,남,47세,경상
4421,2020101100100089,2020년 10월 11일 09시,일요일,충청남도 아산시 배방읍,중상사고,0,1,0,0,차대사람 - 횡단중,보행자보호의무위반,포장 - 건조,맑음,교차로 - 교차로횡단보도내,승용,남,77세,상해없음,보행자,남,40세,중상
4422,2020101100100388,2020년 10월 11일 19시,일요일,충청남도 천안시 서북구 성정동,경상사고,0,0,1,0,차대사람 - 기타,안전운전불이행,포장 - 건조,맑음,교차로 - 교차로안,승용,남,22세,상해없음,보행자,남,30세,경상
4423,2020101200100023,2020년 10월 12일 02시,월요일,충청남도 서산시 동문동,부상신고사고,0,0,0,1,차대사람 - 기타,안전운전불이행,포장 - 건조,맑음,단일로 - 기타,승용,여,54세,상해없음,보행자,남,63세,부상신고
4424,2020101200100051,2020년 10월 12일 06시,월요일,충청남도 천안시 동남구 봉명동,경상사고,0,0,1,0,차대사람 - 횡단중,보행자보호의무위반,포장 - 젖음/습기,맑음,단일로 - 기타,승합,남,46세,상해없음,보행자,여,61세,경상
4425,2020101200100303,2020년 10월 12일 13시,월요일,충청남도 아산시 온천동,경상사고,0,0,1,0,차대사람 - 기타,기타,포장 - 건조,맑음,교차로 - 교차로부근,승용,여,67세,상해없음,보행자,남,50세,경상
4426,2020101200100438,2020년 10월 12일 16시,월요일,충청남도 부여군 홍산면,경상사고,0,0,1,0,차대사람 - 차도통행중,안전운전불이행,포장 - 건조,맑음,단일로 - 기타,승용,여,61세,상해없음,보행자,남,14세,경상
4427,2020101200100605,2020년 10월 12일 19시,월요일,충청남도 계룡시 두마면,사망사고,1,0,0,0,차대사람 - 횡단중,과속,포장 - 건조,맑음,교차로 - 교차로부근,화물,남,61세,상해없음,보행자,남,67세,사망
4428,2020101200100665,2020년 10월 12일 21시,월요일,충청남도 보령시 동대동,경상사고,0,0,1,0,차대사람 - 횡단중,보행자보호의무위반,포장 - 건조,맑음,단일로 - 기타,승용,남,40세,상해없음,보행자,남,50세,경상
4429,2020101300100038,2020년 10월 13일 06시,화요일,충청남도 천안시 동남구 청당동,경상사고,0,0,1,0,차대사람 - 기타,안전운전불이행,포장 - 건조,맑음,교차로 - 교차로부근,기타불명,기타불명,미분류,기타불명,보행자,여,21세,경상
4430,2020101300100287,2020년 10월 13일 13시,화요일,충청남도 아산시 둔포면,중상사고,0,1,0,0,차대사람 - 기타,안전운전불이행,포장 - 건조,맑음,교차로 - 교차로안,승용,여,23세,상해없음,보행자,여,80세,중상
4431,2020101300100356,2020년 10월 13일 15시,화요일,충청남도 홍성군 광천읍,경상사고,0,0,1,0,차대사람 - 기타,안전운전불이행,포장 - 건조,맑음,단일로 - 기타,화물,남,55세,상해없음,보행자,여,57세,경상
4432,2020101400100467,2020년 10월 14일 18시,수요일,충청남도 보령시 남포면,중상사고,0,1,2,0,차대사람 - 기타,안전운전불이행,포장 - 건조,맑음,단일로 - 기타,건설기계,남,54세,상해없음,보행자,남,49세,중상
4433,2020101400100468,2020년 10월 14일 18시,수요일,충청남도 천안시 동남구 병천면,중상사고,0,1,0,0,차대사람 - 기타,안전운전불이행,포장 - 건조,맑음,교차로 - 교차로안,승용,남,30세,상해없음,보행자,여,93세,중상
4434,2020101500100104,2020년 10월 15일 08시,목요일,충청남도 홍성군 구항면,경상사고,0,0,1,0,차대사람 - 횡단중,안전운전불이행,포장 - 건조,맑음,교차로 - 교차로안,화물,여,61세,상해없음,보행자,여,86세,경상
4435,2020101500100297,2020년 10월 15일 13시,목요일,충청남도 예산군 응봉면,중상사고,0,1,0,0,차대사람 - 횡단중,안전운전불이행,포장 - 건조,맑음,단일로 - 기타,승용,남,47세,상해없음,보행자,남,63세,중상
4436,2020101500100374,2020년 10월 15일 15시,목요일,충청남도 논산시 부창동,경상사고,0,0,1,0,차대사람 - 보도통행중,안전운전불이행,포장 - 건조,맑음,단일로 - 기타,이륜,남,78세,상해없음,보행자,여,23세,경상
4437,2020101500100417,2020년 10월 15일 16시,목요일,충청남도 서산시 읍내동,중상사고,0,1,0,0,차대사람 - 기타,안전운전불이행,포장 - 건조,맑음,교차로 - 교차로안,자전거,여,54세,상해없음,보행자,남,4세,중상
4438,2020101500100534,2020년 10월 15일 18시,목요일,충청남도 태안군 태안읍,중상사고,0,1,0,0,차대사람 - 횡단중,안전운전불이행,포장 - 건조,맑음,교차로 - 교차로안,승용,여,42세,상해없음,보행자,여,61세,중상