,사고번호,사고일시,요일,시군구,사고내용,사망자수,중상자수,경상자수,부상신고자수,사고유형,법규위반,노면상태,기상상태,도로형태,가해운전자 차종,가해운전자 성별,가해운전자 연령,가해운전자 상해정도,피해운전자 차종,피해운전자 성별,피해운전자 연령,피해운전자 상해정도
4548,2020110700100459,2020년 11월 7일 17시,토요일,충청남도 천안시 서북구 두정동,중상사고,0,1,0,0,차대사람 - 기타,신호위반,포장 - 건조,맑음,교차로 - 교차로횡단보도내,이륜,남,20세,상해없음,보행자,남,28세,중상
4549,2020110700100516,2020년 11월 7일 18시,토요일,충청남도 천안시 서북구 성정동,중상사고,0,1,0,0,차대사람 - 기타,안전운전불이행,포장 - 건조,맑음,교차로 - 교차로안,승합,남,52세,상해없음,보행자,남,75세,중상
4550,2020110700100601,2020년 11월 7일 20시,토요일,충청남도 홍성군 홍성읍,중상사고,0,1,1,0,차대사람 - 길가장자리구역통행중,안전운전불이행,포장 - 건조,맑음,교차로 - 교차로안,이륜,남,26세,상해없음,보행자,남,52세,중상
4551,2020110800100128,2020년 11월 8일 10시,일요일,충청남도 예산군 예산읍,중상사고,0,2,0,0,차대사람 - 기타,안전운전불이행,포장 - 건조,맑음,단일로 - 기타,화물,남,68세,상해없음,보행자,여,55세,중상
4552,2020110800100308,2020년 11월 8일 15시,일요일,충청남도 논산시 내동,중상사고,0,1,0,0,차대사람 - 차도통행중,안전운전불이행,포장 - 건조,맑음,교차로 - 교차로안,승용,남,22세,상해없음,보행자,남,64세,중상
4553,2020110800100309,2020년 11월 8일 15시,일요일,충청남도 예산군 예산읍,경상사고,0,0,1,0,차대사람 - 기타,안전운전불이행,포장 - 건조,맑음,단일로 - 기타,승용,남,66세,상해없음,보행자,여,92세,경상
4554,2020110800100482,2020년 11월 8일 19시,일요일,충청남도 천안시 서북구 불당동,중상사고,0,1,0,1,차대사람 - 횡단중,안전운전불이행,포장 - 건조,맑음,단일로 - 기타,이륜,남,17세,부상신고,보행자,남,44세,중상
4555,2020110900100315,2020년 11월 9일 13시,월요일,충청남도 천안시 서북구 성정동,부상신고사고,0,0,0,1,차대사람 - 횡단중,보행자보호의무위반,포장 - 건조,맑음,교차로 - 교차로부근,이륜,남,41세,상해없음,보행자,남,53세,부상신고
4556,2020110900100348,2020년 11월 9일 14시,월요일,충청남도 부여군 외산면,중상사고,0,1,0,0,차대사람 - 차도통행중,안전운전불이행,포장 - 건조,맑음,교차로 - 교차로안,화물,남,38세,상해없음,보행자,여,73세,중상
4557,2020110900100401,2020년 11월 9일 15시,월요일,충청남도 서산시 동문동,중상사고,0,1,0,0,차대사람 - 횡단중,보행자보호의무위반,포장 - 건조,맑음,교차로 - 교차로횡단보도내,화물,남,25세,상해없음,보행자,여,44세,중상
4558,2020111000100007,2020년 11월 10일 00시,화요일,충청남도 아산시 용화동,중상사고,0,1,0,0,차대사람 - 기타,기타,포장 - 건조,맑음,단일로 - 기타,승용,남,36세,상해없음,보행자,남,41세,중상
4559,2020111000100207,2020년 11월 10일 10시,화요일,충청남도 천안시 동남구 봉명동,중상사고,0,1,0,0,차대사람 - 차도통행중,안전운전불이행,포장 - 건조,맑음,단일로 - 기타,승용,남,43세,상해없음,보행자,여,77세,중상
4560,2020111000100495,2020년 11월 10일 17시,화요일,충청남도 금산군 금산읍,중상사고,0,1,0,0,차대사람 - 횡단중,보행자보호의무위반,포장 - 건조,맑음,교차로 - 교차로횡단보도내,승용,남,71세,상해없음,보행자,여,12세,중상
4561,2020111000100567,2020년 11월 10일 18시,화요일,충청남도 아산시 온천동,경상사고,0,0,1,0,차대사람 - 차도통행중,안전운전불이행,포장 - 건조,맑음,단일로 - 기타,승용,남,69세,상해없음,보행자,남,55세,경상
4562,2020111000100721,2020년 11월 10일 22시,화요일,충청남도 보령시 동대동,경상사고,0,0,1,0,차대사람 - 기타,보행자보호의무위반,포장 - 건조,맑음,교차로 - 교차로횡단보도내,승용,남,37세,기타불명,보행자,여,23세,경상
4563,2020111100100048,2020년 11월 11일 06시,수요일,충청남도 부여군 홍산면,중상사고,0,1,0,0,차대사람 - 기타,안전운전불이행,포장 - 건조,맑음,교차로 - 교차로횡단보도내,화물,남,58세,상해없음,보행자,남,68세,중상
4564,2020111100100234,2020년 11월 11일 11시,수요일,충청남도 서산시 동문동,중상사고,0,1,0,0,차대사람 - 기타,기타,포장 - 건조,맑음,교차로 - 교차로안,승용,여,48세,상해없음,보행자,남,51세,중상
4565,2020111100100283,2020년 11월 11일 12시,수요일,충청남도 부여군 외산면,경상사고,0,0,1,0,차대사람 - 기타,안전운전불이행,포장 - 건조,맑음,단일로 - 기타,승용,남,66세,상해없음,보행자,여,82세,경상
4566,2020111100100454,2020년 11월 11일 16시,수요일,충청남도 천안시 서북구 백석동,경상사고,0,0,1,0,차대사람 - 횡단중,안전운전불이행,포장 - 건조,맑음,교차로 - 교차로안,승용,여,51세,상해없음,보행자,여,59세,경상
4567,2020111100100501,2020년 11월 11일 17시,수요일,충청남도 당진시 채운동,중상사고,0,1,0,0,차대사람 - 차도통행중,안전운전불이행,포장 - 건조,맑음,단일로 - 기타,승용,여,43세,상해없음,보행자,남,9세,중상
4568,2020111100100627,2020년 11월 11일 19시,수요일,충청남도 천안시 서북구 성정동,중상사고,0,1,0,0,차대사람 - 횡단중,신호위반,포장 - 건조,맑음,교차로 - 교차로횡단보도내,승용,남,23세,상해없음,보행자,남,61세,중상
4569,2020111200100068,2020년 11월 12일 06시,목요일,충청남도 아산시 신창면,중상사고,0,1,0,0,차대사람 - 횡단중,과속,포장 - 건조,맑음,단일로 - 기타,승용,남,49세,기타불명,보행자,여,73세,중상
4570,2020111200100333,2020년 11월 12일 14시,목요일,충청남도 논산시 내동,경상사고,0,0,1,0,차대사람 - 기타,안전운전불이행,포장 - 건조,맑음,교차로 - 교차로안,기타불명,기타불명,미분류,기타불명,보행자,남,62세,경상
4571,2020111200100520,2020년 11월 12일 18시,목요일,충청남도 천안시 서북구 두정동,중상사고,0,1,0,0,차대사람 - 기타,기타,포장 - 건조,맑음,기타 - 기타,자전거,남,35세,상해없음,보행자,여,51세,중상
4572,2020111300100061,2020년 11월 13일 06시,금요일,충청남도 서산시 읍내동,사망사고,1,0,0,0,차대사람 - 횡단중,보행자보호의무위반,포장 - 건조,맑음,교차로 - 교차로부근,승합,남,70세,상해없음,보행자,여,75세,사망
4573,2020111300100186,2020년 11월 13일 10시,금요일,충청남도 예산군 예산읍,경상사고,0,0,1,0,차대사람 - 기타,안전운전불이행,포장 - 건조,맑음,교차로 - 교차로부근,특수,남,53세,상해없음,보행자,남,83세,경상
4574,2020111300100493,2020년 11월 13일 18시,금요일,충청남도 보령시 대천동,경상사고,0,0,1,0,차대사람 - 기타,안전운전불이행,포장 - 건조,맑음,교차로 - 교차로안,화물,남,61세,상해없음,보행자,여,65세,경상
4575,2020111300100495,2020년 11월 13일 18시,금요일,충청남도 금산군 금산읍,중상사고,0,1,0,0,차대사람 - 기타,안전운전불이행,포장 - 건조,맑음,단일로 - 기타,승용,남,56세,상해없음,보행자,남,60세,중상
4576,2020111300100676,2020년 11월 13일 23시,금요일,충청남도 천안시 서북구 쌍용동,중상사고,0,1,0,0,차대사람 - 횡단중,안전운전불이행,포장 - 건조,맑음,교차로 - 교차로안,승용,여,23세,상해없음,보행자,남,56세,중상
4577,2020111400100123,2020년 11월 14일 08시,토요일,충청남도 당진시 송악읍,경상사고,0,0,1,0,차대사람 - 기타,안전운전불이행,포장 - 젖음/습기,안개,교차로 - 교차로안,승용,남,33세,상해없음,보행자,남,65세,경상
4578,2020111400100333,2020년 11월 14일 14시,토요일,충청남도 천안시 동남구 대흥동,경상사고,0,0,1,0,차대사람 - 횡단중,안전운전불이행,포장 - 건조,맑음,단일로 - 기타,승용,여,41세,상해없음,보행자,여,60세,경상
4579,2020111400100418,2020년 11월 14일 16시,토요일,충청남도 서천군 서천읍,경상사고,0,0,1,0,차대사람 - 기타,안전운전불이행,비포장 - 건조,맑음,주차장 - 주차장,화물,남,33세,상해없음,보행자,여,62세,경상
4580,2020111500100016,2020년 11월 15일 02시,일요일,충청남도 당진시 수청리,중상사고,0,1,0,0,차대사람 - 보도통행중,교차로운행방법위반,포장 - 건조,맑음,교차로 - 교차로안,승용,남,63세,상해없음,보행자,남,33세,중상
4581,2020111500100144,2020년 11월 15일 12시,일요일,충청남도 홍성군 서부면,중상사고,0,1,0,0,차대사람 - 횡단중,보행자보호의무위반,포장 - 건조,맑음,단일로 - 기타,승용,여,33세,상해없음,보행자,남,7세,중상
4582,2020111500100339,2020년 11월 15일 18시,일요일,충청남도 서산시 동문동,경상사고,0,0,1,0,차대사람 - 횡단중,안전운전불이행,포장 - 건조,맑음,교차로 - 교차로부근,승용,남,60세,상해없음,보행자,여,53세,경상
4583,2020111500100466,2020년 11월 15일 23시,일요일,충청남도 청양군 정산면,사망사고,1,0,0,0,차대사람 - 차도통행중,과속,포장 - 건조,맑음,단일로 - 기타,승용,여,27세,상해없음,보행자,남,51세,사망
4584,2020111600100228,2020년 11월 16일 11시,월요일,충청남도 천안시 동남구 다가동,중상사고,0,1,0,0,차대사람 - 횡단중,안전운전불이행,포장 - 건조,맑음,교차로 - 교차로안,화물,남,42세,상해없음,보행자,남,49세,중상
4585,2020111600100298,2020년 11월 16일 13시,월요일,충청남도 보령시 대천동,중상사고,0,1,0,0,차대사람 - 기타,보행자보호의무위반,포장 - 건조,맑음,교차로 - 교차로안,승용,여,30세,상해없음,보행자,여,80세,중상
4586,2020111600100607,2020년 11월 16일 20시,월요일,충청남도 당진시 읍내리,경상사고,0,0,1,0,차대사람 - 횡단중,보행자보호의무위반,포장 - 건조,맑음,교차로 - 교차로횡단보도내,승용,남,31세,상해없음,보행자,여,35세,경상
4587,2020111600100630,2020년 11월 16일 21시,월요일,충청남도 천안시 동남구 구성동,사망사고,1,0,0,0,차대사람 - 기타,안전운전불이행,포장 - 건조,맑음,교차로 - 교차로안,승용,남,49세,상해없음,보행자,남,69세,사망
4588,2020111700100174,2020년 11월 17일 10시,화요일,충청남도 당진시 송악읍,중상사고,0,1,0,0,차대사람 - 차도통행중,안전운전불이행,포장 - 건조,맑음,단일로 - 기타,화물,남,62세,상해없음,보행자,여,74세,중상
4589,2020111700100415,2020년 11월 17일 17시,화요일,충청남도 천안시 동남구 풍세면,사망사고,1,0,0,0,차대사람 - 차도통행중,안전운전불이행,포장 - 건조,맑음,단일로 - 기타,건설기계,남,54세,상해없음,보행자,남,23세,사망
4590,2020111700100589,2020년 11월 17일 20시,화요일,충청남도 천안시 동남구 신부동,중상사고,0,1,0,0,차대사람 - 횡단중,신호위반,포장 - 건조,맑음,교차로 - 교차로횡단보도내,이륜,남,19세,상해없음,보행자,남,43세,중상
4591,2020111800100300,2020년 11월 18일 13시,수요일,충청남도 청양군 청양읍,경상사고,0,0,1,0,차대사람 - 차도통행중,직진우회전진행방해,포장 - 건조,맑음,교차로 - 교차로안,승용,남,63세,상해없음,보행자,여,89세,경상
4592,2020111800100403,2020년 11월 18일 16시,수요일,충청남도 청양군 청양읍,경상사고,0,0,1,0,차대사람 - 횡단중,보행자보호의무위반,포장 - 건조,흐림,교차로 - 교차로안,승용,남,24세,상해없음,보행자,여,44세,경상
4593,2020111800100646,2020년 11월 18일 21시,수요일,충청남도 아산시 둔포면,사망사고,1,0,0,0,차대사람 - 기타,안전운전불이행,포장 - 젖음/습기,비,단일로 - 기타,화물,남,46세,상해없음,보행자,남,75세,사망
4594,2020111800100694,2020년 11월 18일 23시,수요일,충청남도 서산시 성연면,중상사고,0,1,0,0,차대사람 - 횡단중,보행자보호의무위반,포장 - 젖음/습기,비,단일로 - 기타,승용,남,35세,상해없음,보행자,남,36세,중상
4595,2020111900100080,2020년 11월 19일 06시,목요일,충청남도 천안시 동남구 봉명동,중상사고,0,1,0,0,차대사람 - 횡단중,보행자보호의무위반,포장 - 젖음/습기,비,교차로 - 교차로안,승합,남,52세,상해없음,보행자,여,76세,중상
4596,2020111900100081,2020년 11월 19일 06시,목요일,충청남도 당진시 읍내리,중상사고,0,1,0,0,차대사람 - 보도통행중,신호위반,포장 - 젖음/습기,비,교차로 - 교차로안,승용,남,26세,상해없음,보행자,남,35세,중상
4597,2020111900100082,2020년 11월 19일 06시,목요일,충청남도 당진시 송악읍,사망사고,1,0,0,0,차대사람 - 차도통행중,안전운전불이행,포장 - 젖음/습기,비,단일로 - 기타,화물,남,56세,상해없음,보행자,남,76세,사망
4598,2020111900100352,2020년 11월 19일 13시,목요일,충청남도 천안시 서북구 불당동,경상사고,0,0,1,0,차대사람 - 횡단중,신호위반,포장 - 젖음/습기,비,교차로 - 교차로횡단보도내,화물,남,57세,상해없음,보행자,남,23세,경상
4599,2020111900100451,2020년 11월 19일 16시,목요일,충청남도 천안시 동남구 봉명동,경상사고,0,0,1,0,차대사람 - 기타,안전운전불이행,포장 - 건조,맑음,단일로 - 기타,승용,남,35세,상해없음,보행자,남,72세,경상
4600,2020111900100593,2020년 11월 19일 19시,목요일,충청남도 서산시 대산읍,중상사고,0,1,0,0,차대사람 - 횡단중,안전운전불이행,포장 - 건조,맑음,교차로 - 교차로안,승용,남,41세,상해없음,보행자,남,64세,중상
4601,2020111900100595,2020년 11월 19일 19시,목요일,충청남도 당진시 읍내리,중상사고,0,1,1,0,차대사람 - 기타,보행자보호의무위반,포장 - 건조,기타,교차로 - 교차로횡단보도내,승용,남,47세,상해없음,보행자,남,71세,경상
4602,2020112000100010,2020년 11월 20일 00시,금요일,충청남도 아산시 온천동,경상사고,0,0,1,0,차대사람 - 기타,안전운전불이행,포장 - 건조,맑음,단일로 - 기타,승용,남,24세,상해없음,보행자,남,29세,경상
4603,2020112000100446,2020년 11월 20일 17시,금요일,충청남도 천안시 서북구 성환읍,중상사고,0,1,0,0,차대사람 - 횡단중,보행자보호의무위반,포장 - 건조,맑음,교차로 - 교차로부근,승용,여,59세,상해없음,보행자,여,23세,중상
4604,2020112000100527,2020년 11월 20일 18시,금요일,충청남도 논산시 강경읍,중상사고,0,1,0,0,차대사람 - 보도통행중,보행자보호의무위반,포장 - 건조,맑음,교차로 - 교차로횡단보도내,화물,남,48세,상해없음,보행자,여,41세,중상
4605,2020112000100662,2020년 11월 20일 21시,금요일,충청남도 천안시 서북구 쌍용동,경상사고,0,0,1,0,차대사람 - 횡단중,신호위반,포장 - 건조,맑음,교차로 - 교차로안,승용,남,30세,상해없음,보행자,남,55세,경상
4606,2020112100100130,2020년 11월 21일 09시,토요일,충청남도 공주시 신관동,경상사고,0,0,1,0,차대사람 - 기타,안전운전불이행,포장 - 건조,맑음,주차장 - 주차장,승용,남,68세,상해없음,보행자,남,65세,경상
4607,2020112100100133,2020년 11월 21일 09시,토요일,충청남도 서산시 해미면,중상사고,0,1,0,0,차대사람 - 기타,안전운전불이행,포장 - 건조,맑음,단일로 - 기타,승용,여,59세,상해없음,보행자,여,59세,중상
4608,2020112100100313,2020년 11월 21일 14시,토요일,충청남도 천안시 서북구 성환읍,중상사고,0,1,0,0,차대사람 - 횡단중,안전운전불이행,포장 - 건조,맑음,교차로 - 교차로횡단보도내,승용,여,49세,상해없음,보행자,여,76세,중상
4609,2020112100100592,2020년 11월 21일 23시,토요일,충청남도 예산군 오가면,중상사고,0,1,0,0,차대사람 - 차도통행중,안전운전불이행,포장 - 건조,맑음,교차로 - 교차로안,승용,여,50세,상해없음,보행자,남,54세,중상
4610,2020112200100286,2020년 11월 22일 17시,일요일,충청남도 아산시 용화동,중상사고,0,1,0,0,차대사람 - 기타,보행자보호의무위반,포장 - 젖음/습기,비,교차로 - 교차로부근,승용,남,60세,상해없음,보행자,여,60세,중상
4611,2020112300100105,2020년 11월 23일 08시,월요일,충청남도 천안시 서북구 입장면,중상사고,0,1,0,0,차대사람 - 기타,안전운전불이행,포장 - 건조,맑음,교차로 - 교차로안,승용,남,47세,상해없음,보행자,남,62세,중상
4612,2020112300100107,2020년 11월 23일 08시,월요일,충청남도 아산시 온천동,중상사고,0,1,0,0,차대사람 - 기타,안전운전불이행,포장 - 건조,맑음,교차로 - 교차로부근,승용,남,73세,상해없음,보행자,여,67세,중상
4613,2020112300100359,2020년 11월 23일 15시,월요일,충청남도 예산군 오가면,경상사고,0,0,1,0,차대사람 - 기타,안전운전불이행,포장 - 건조,맑음,단일로 - 기타,승용,남,63세,상해없음,보행자,남,75세,경상
4614,2020112300100392,2020년 11월 23일 16시,월요일,충청남도 태안군 안면읍,경상사고,0,0,1,0,차대사람 - 기타,안전운전불이행,포장 - 건조,맑음,기타 - 기타,승용,여,64세,상해없음,보행자,남,49세,경상
4615,2020112300100497,2020년 11월 23일 18시,월요일,충청남도 아산시 모종동,중상사고,0,1,0,0,차대사람 - 횡단중,안전운전불이행,포장 - 건조,맑음,단일로 - 기타,승용,남,48세,상해없음,보행자,남,57세,중상
4616,2020112400100125,2020년 11월 24일 09시,화요일,충청남도 천안시 서북구 불당동,경상사고,0,0,1,0,차대사람 - 기타,안전운전불이행,포장 - 건조,맑음,교차로 - 교차로안,화물,남,45세,상해없음,보행자,남,58세,경상
4617,2020112400100220,2020년 11월 24일 12시,화요일,충청남도 아산시 음봉면,중상사고,0,1,0,0,차대사람 - 횡단중,안전운전불이행,포장 - 건조,맑음,교차로 - 교차로안,승용,남,31세,상해없음,보행자,여,35세,중상
4618,2020112400100370,2020년 11월 24일 16시,화요일,충청남도 청양군 청양읍,중상사고,0,1,0,0,차대사람 - 기타,안전운전불이행,포장 - 건조,맑음,단일로 - 기타,이륜,남,63세,상해없음,보행자,남,27세,중상
4619,2020112500100056,2020년 11월 25일 07시,수요일,충청남도 천안시 서북구 두정동,경상사고,0,0,1,0,차대사람 - 기타,안전운전불이행,포장 - 건조,맑음,단일로 - 기타,승용,남,64세,상해없음,보행자,남,55세,경상
4620,2020112500100119,2020년 11월 25일 09시,수요일,충청남도 부여군 부여읍,중상사고,0,1,0,0,차대사람 - 기타,안전운전불이행,포장 - 건조,맑음,교차로 - 교차로안,승용,남,55세,상해없음,보행자,남,79세,중상
4621,2020112500100422,2020년 11월 25일 17시,수요일,충청남도 천안시 서북구 불당동,중상사고,0,1,1,0,차대사람 - 횡단중,신호위반,포장 - 건조,맑음,교차로 - 교차로횡단보도내,원동기,남,17세,상해없음,보행자,남,26세,중상
4622,2020112600100218,2020년 11월 26일 12시,목요일,충청남도 서산시 석림동,중상사고,0,1,0,0,차대사람 - 횡단중,신호위반,포장 - 건조,맑음,교차로 - 교차로횡단보도내,화물,남,56세,상해없음,보행자,여,18세,중상
4623,2020112600100219,2020년 11월 26일 12시,목요일,충청남도 당진시 송악읍,경상사고,0,0,1,0,차대사람 - 보도통행중,보행자보호의무위반,포장 - 건조,맑음,교차로 - 교차로횡단보도내,승용,여,50세,상해없음,보행자,남,7세,경상
4624,2020112600100220,2020년 11월 26일 12시,목요일,충청남도 태안군 태안읍,중상사고,0,1,0,0,차대사람 - 횡단중,안전운전불이행,포장 - 건조,맑음,단일로 - 기타,승용,여,63세,상해없음,보행자,남,54세,중상
4625,2020112600100355,2020년 11월 26일 16시,목요일,충청남도 천안시 서북구 쌍용동,중상사고,0,1,0,0,차대사람 - 횡단중,보행자보호의무위반,포장 - 건조,맑음,교차로 - 교차로횡단보도내,승용,여,51세,상해없음,보행자,여,8세,중상
4626,2020112600100394,2020년 11월 26일 17시,목요일,충청남도 공주시 신관동,경상사고,0,0,1,0,차대사람 - 횡단중,보행자보호의무위반,포장 - 건조,맑음,교차로 - 교차로횡단보도내,승용,남,56세,상해없음,보행자,여,26세,경상
4627,2020112600100452,2020년 11월 26일 18시,목요일,충청남도 당진시 신평면,중상사고,0,1,0,0,차대사람 - 차도통행중,안전운전불이행,포장 - 건조,맑음,단일로 - 기타,승용,남,32세,상해없음,보행자,여,75세,중상
4628,2020112600100578,2020년 11월 26일 21시,목요일,충청남도 천안시 동남구 봉명동,경상사고,0,0,1,0,차대사람 - 기타,안전운전불이행,포장 - 건조,맑음,단일로 - 기타,승용,여,65세,상해없음,보행자,남,27세,경상
4629,2020112700100251,2020년 11월 27일 14시,금요일,충청남도 공주시 산성동,중상사고,0,1,0,0,차대사람 - 기타,안전운전불이행,포장 - 건조,맑음,기타 - 기타,화물,남,49세,상해없음,보행자,여,86세,중상
4630,2020112700100341,2020년 11월 27일 16시,금요일,충청남도 보령시 죽정동,중상사고,0,1,0,0,차대사람 - 기타,안전운전불이행,포장 - 건조,맑음,기타 - 기타,승용,여,41세,상해없음,보행자,남,12세,중상
4631,2020112700100610,2020년 11월 27일 21시,금요일,충청남도 천안시 서북구 성정동,경상사고,0,0,1,0,차대사람 - 차도통행중,안전운전불이행,포장 - 건조,맑음,단일로 - 기타,승용,여,50세,상해없음,보행자,남,62세,경상
4632,2020112700100639,2020년 11월 27일 22시,금요일,충청남도 천안시 서북구 쌍용동,중상사고,0,1,0,0,차대사람 - 횡단중,신호위반,포장 - 건조,맑음,교차로 - 교차로횡단보도내,승용,남,58세,상해없음,보행자,여,21세,중상
4633,2020112800100151,2020년 11월 28일 11시,토요일,충청남도 태안군 안면읍,중상사고,0,1,0,0,차대사람 - 기타,안전운전불이행,포장 - 건조,맑음,기타 - 기타,화물,남,36세,상해없음,보행자,여,62세,중상
4634,2020112800100496,2020년 11월 28일 20시,토요일,충청남도 천안시 서북구 불당동,경상사고,0,0,1,0,차대사람 - 횡단중,안전운전불이행,포장 - 건조,맑음,교차로 - 교차로부근,승용,남,48세,상해없음,보행자,남,18세,경상
4635,2020112800100560,2020년 11월 28일 22시,토요일,충청남도 서천군 서천읍,경상사고,0,0,1,0,차대사람 - 기타,안전운전불이행,포장 - 건조,맑음,교차로 - 교차로안,승용,여,21세,상해없음,보행자,남,58세,경상
4636,2020112900100019,2020년 11월 29일 01시,일요일,충청남도 아산시 배방읍,사망사고,1,1,0,0,차대사람 - 기타,안전운전불이행,포장 - 건조,맑음,단일로 - 기타,승용,여,55세,상해없음,보행자,남,60세,사망
4637,2020112900100297,2020년 11월 29일 18시,일요일,충청남도 천안시 서북구 성거읍,사망사고,1,0,0,0,차대사람 - 횡단중,안전운전불이행,포장 - 건조,맑음,단일로 - 기타,화물,남,47세,상해없음,보행자,여,79세,사망
4638,2020112900100300,2020년 11월 29일 18시,일요일,충청남도 천안시 동남구 신방동,경상사고,0,0,1,0,차대사람 - 기타,불법유턴,포장 - 건조,맑음,단일로 - 기타,승용,남,24세,상해없음,보행자,남,24세,경상
4639,2020112900100396,2020년 11월 29일 22시,일요일,충청남도 금산군 추부면,중상사고,0,1,0,0,차대사람 - 차도통행중,안전운전불이행,포장 - 건조,맑음,단일로 - 기타,승용,남,29세,상해없음,보행자,여,64세,중상
4640,2020113000100022,2020년 11월 30일 03시,월요일,충청남도 천안시 서북구 백석동,중상사고,0,1,0,0,차대사람 - 차도통행중,기타,포장 - 건조,맑음,단일로 - 기타,승용,남,28세,상해없음,보행자,남,59세,중상
4641,2020113000100307,2020년 11월 30일 14시,월요일,충청남도 공주시 신관동,중상사고,0,1,0,0,차대사람 - 횡단중,보행자보호의무위반,포장 - 건조,맑음,단일로 - 기타,승용,여,61세,상해없음,보행자,여,23세,중상
4642,2020113000100347,2020년 11월 30일 15시,월요일,충청남도 부여군 부여읍,중상사고,0,1,0,0,차대사람 - 횡단중,보행자보호의무위반,포장 - 건조,맑음,교차로 - 교차로횡단보도내,승용,여,57세,상해없음,보행자,여,68세,중상
4643,2020113000100552,2020년 11월 30일 19시,월요일,충청남도 금산군 금산읍,중상사고,0,1,0,0,차대사람 - 차도통행중,안전운전불이행,포장 - 건조,맑음,교차로 - 교차로안,승용,여,61세,상해없음,보행자,여,65세,중상
4644,2020120100100060,2020년 12월 1일 07시,화요일,충청남도 아산시 염치읍,중상사고,0,1,0,0,차대사람 - 횡단중,안전운전불이행,포장 - 건조,맑음,교차로 - 교차로부근,화물,남,63세,상해없음,보행자,남,43세,중상
4645,2020120100100367,2020년 12월 1일 15시,화요일,충청남도 천안시 동남구 영성동,중상사고,0,1,0,0,차대사람 - 기타,안전운전불이행,포장 - 건조,맑음,단일로 - 기타,건설기계,남,52세,상해없음,보행자,남,72세,중상
4646,2020120100100504,2020년 12월 1일 18시,화요일,충청남도 서산시 석림동,중상사고,0,1,0,0,차대사람 - 횡단중,안전운전불이행,포장 - 건조,맑음,단일로 - 기타,이륜,남,41세,상해없음,보행자,여,64세,중상
4647,2020120100100506,2020년 12월 1일 18시,화요일,충청남도 논산시 연무읍,중상사고,0,1,0,0,차대사람 - 횡단중,안전운전불이행,포장 - 건조,맑음,단일로 - 기타,승용,여,49세,상해없음,보행자,여,57세,중상
4648,2020120100100507,2020년 12월 1일 18시,화요일,충청남도 당진시 송악읍,중상사고,0,1,0,0,차대사람 - 횡단중,보행자보호의무위반,포장 - 건조,맑음,단일로 - 기타,승용,남,59세,상해없음,보행자,여,34세,중상
4649,2020120100100554,2020년 12월 1일 19시,화요일,충청남도 당진시 읍내리,경상사고,0,0,1,0,차대사람 - 횡단중,중앙선침범,포장 - 건조,맑음,교차로 - 교차로부근,승용,남,30세,상해없음,보행자,여,35세,경상
4650,2020120200100048,2020년 12월 2일 07시,수요일,충청남도 천안시 동남구 용곡동,중상사고,0,1,0,0,차대사람 - 횡단중,보행자보호의무위반,포장 - 건조,맑음,교차로 - 교차로횡단보도내,화물,남,53세,상해없음,보행자,여,47세,중상
4651,2020120200100131,2020년 12월 2일 10시,수요일,충청남도 천안시 동남구 수신면,경상사고,0,0,1,0,차대사람 - 기타,안전운전불이행,포장 - 건조,맑음,단일로 - 기타,화물,남,52세,상해없음,보행자,남,70세,경상
4652,2020120200100283,2020년 12월 2일 15시,수요일,충청남도 서천군 기산면,경상사고,0,0,1,0,차대사람 - 차도통행중,안전운전불이행,포장 - 건조,맑음,단일로 - 기타,화물,남,81세,상해없음,보행자,여,66세,경상
4653,2020120200100352,2020년 12월 2일 17시,수요일,충청남도 공주시 산성동,중상사고,0,1,0,0,차대사람 - 차도통행중,안전운전불이행,포장 - 건조,맑음,단일로 - 기타,승용,여,63세,상해없음,보행자,여,83세,중상
4654,2020120300100142,2020년 12월 3일 10시,목요일,충청남도 당진시 면천면,중상사고,0,1,0,0,차대사람 - 길가장자리구역통행중,안전운전불이행,포장 - 건조,맑음,교차로 - 교차로안,승용,여,61세,상해없음,보행자,남,70세,중상
4655,2020120300100228,2020년 12월 3일 13시,목요일,충청남도 천안시 동남구 사직동,경상사고,0,0,1,0,차대사람 - 기타,안전운전불이행,포장 - 건조,맑음,단일로 - 기타,승용,여,40세,상해없음,보행자,남,43세,경상